ema12,ema26,rsi14,adx14,atr14,macd,macd_signal,macd_hist,timestamp
0.20153409605807426,0.20005566209941114,63.419810450172285,0.0,0.0029585714285714215,0.0014784339586631223,0.0,0.0,2025-05-10 02:00:00
0.201918081279909,0.20035005749945478,64.90600461830823,0.0,0.002874285714285708,0.0015680237804542307,0.0,0.0,2025-05-10 03:00:00
0.20225376108299994,0.20062783101801368,65.21451648133586,43.584100055511,0.0026349999999999963,0.001625930064986264,0.0,0.0,2025-05-10 04:00:00
0.2026131824548461,0.20092132501667934,67.52068907782501,47.031474476925084,0.002624285714285712,0.0016918574381667717,0.0,0.0,2025-05-10 05:00:00
0.2031665390002544,0.20131307871914755,74.07683520457165,51.47853737347334,0.002579999999999997,0.0018534602811068335,0.0,0.0,2025-05-10 06:00:00
0.20392860992329215,0.20181729511032181,79.66180152712808,56.123969119232754,0.002422142857142855,0.002111314812970333,0.0,0.0,2025-05-10 07:00:00
0.20457805455047798,0.20228638436140908,79.7409036977549,60.46177961674578,0.0025399999999999967,0.002291670189068895,0.0,0.0,2025-05-10 08:00:00
0.20531681538886598,0.20281183737167507,82.889214689322,64.22121538125707,0.0026207142857142818,0.0025049780171909064,0.001948647023823971,0.0005563309933669354,2025-05-10 09:00:00
0.2057019207136558,0.20318281238118063,67.53136310460599,67.75973454531388,0.002736428571428568,0.0025191083324751784,0.0020627392855542127,0.0004563690469209657,2025-05-10 10:00:00
0.2056785482961703,0.2033581596122043,51.507926282827874,61.37124830759278,0.0029578571428571392,0.0023203886839660015,0.0021142691652365707,0.00020611951872943077,2025-05-10 11:00:00
0.20592184855829793,0.20364718482611507,59.79891130871924,55.83456023490116,0.0029521428571428554,0.0022746637321828522,0.0021463480786258274,0.00012831565355702484,2025-05-10 12:00:00
0.206346179549329,0.20401998595010654,65.45773682928485,53.5374724266276,0.003012142857142856,0.0023261935992224536,0.002182317182745153,0.0001438764164773008,2025-05-10 13:00:00
0.20681599808020146,0.20441850550935792,68.08596052057445,50.98818412777426,0.002807857142857142,0.00239749257084354,0.0022253522603648303,0.0001721403104787099,2025-05-10 14:00:00
0.20700738299093968,0.20468824584199807,58.52364417903633,48.778800935434695,0.002811428571428572,0.002319137148941608,0.002244109238080186,7.502791086142196e-05,2025-05-10 15:00:00
0.2078431702231028,0.20526244985370193,72.88579823026944,49.45125046211858,0.0029,0.0025807203694008796,0.002311431464344325,0.0002692889050565548,2025-05-10 16:00:00
0.2087303748041639,0.20588078690157585,75.50057456929223,50.03404005191128,0.0030342857142857138,0.0028495879025880466,0.002419062751993069,0.00043052515059497764,2025-05-10 17:00:00
0.20924570175736945,0.2063399878718295,65.91004079397891,50.53912436306496,0.0031899999999999984,0.002905713885539951,0.0025163929787024456,0.00038932090683750555,2025-05-10 18:00:00
0.20974790148700492,0.2067970258072495,67.25873326144888,50.97686409939814,0.0032707142857142835,0.0029508756797554103,0.002603289518913039,0.00034758616084237153,2025-05-10 19:00:00
0.210148224335158,0.20720835722893471,66.13537138551436,51.356238537553565,0.003248571428571428,0.002939867106223293,0.00267060503637509,0.0002692620698482029,2025-05-10 20:00:00
0.21087311289897986,0.20777514558234694,73.99677170085411,53.677771274186,0.0032514285714285696,0.0030979673166329214,0.0027560774924266563,0.00034188982420626504,2025-05-10 21:00:00
0.21185109552990605,0.20847550516883975,79.24583095873587,55.68976631260078,0.003197142857142859,0.0033755903610662996,0.002879980066154585,0.0004956102949117145,2025-05-10 22:00:00
0.21290785006376664,0.2092343566378146,81.89675063964259,57.43349534589359,0.0031671428571428584,0.0036734934259520513,0.0030386827381140786,0.0006348106878379728,2025-05-10 23:00:00
0.21344356543857176,0.2097644042942728,66.55745303527308,51.461557669044886,0.0034885714285714303,0.0036791611442989758,0.0031667784193510585,0.0005123827249479173,2025-05-11 00:00:00
0.21351070921725304,0.2100692632354378,53.988343471625505,46.285878349109346,0.003435714285714288,0.0034414459818152554,0.003221711931843898,0.00021973404997135742,2025-05-11 01:00:00
0.2135044462607526,0.2103211696624424,52.132776164923506,41.80028960516521,0.003557142857142858,0.003183276598310192,0.003214024865137157,-3.0748266826965184e-05,2025-05-11 02:00:00
0.21348991606679066,0.2105499719096689,51.83196793881773,37.91277936041362,0.0035764285714285715,0.00293994415712176,0.003159208723534078,-0.00021926456641231792,2025-05-11 03:00:00
0.21360839051805364,0.210824788805249,55.98351352528596,34.543603814962246,0.003491428571428572,0.0027836017128046453,0.0030840873213881913,-0.00030048560858354605,2025-05-11 04:00:00
0.2133117150537377,0.21088813778263796,43.00285134381197,34.547454860699276,0.003507857142857142,0.002423577271099736,0.0029519853113305007,-0.0005284080402307646,2025-05-11 05:00:00
0.21268683581470113,0.2107667942431833,34.347792874998646,38.39365511285266,0.0035135714285714293,0.0019200415715178443,0.0027455965633679693,-0.0008255549918501251,2025-05-11 06:00:00
0.21148270722782403,0.21032925392887342,24.19633370639059,43.438240562756846,0.003641428571428571,0.001153453298950613,0.002427167910484498,-0.0012737146115338852,2025-05-11 07:00:00
0.21050229073123572,0.20994264252673464,25.64040960843056,47.81021461934047,0.003578571428571427,0.0005596482045010787,0.0020536639692878144,-0.0014940157647867357,2025-05-11 08:00:00
0.2100234767725841,0.20975355789512468,38.057772508458164,48.73366623655786,0.0035714285714285704,0.00026991887745941856,0.0016969149509221352,-0.0014269960734627166,2025-05-11 09:00:00
0.20982909573064806,0.20967996101400432,44.48516823644607,49.5339909714796,0.003578571428571427,0.00014913471664373956,0.0013873589040664562,-0.0012382241874227167,2025-05-11 10:00:00
0.209666157925933,0.20961255649444846,44.53364182946941,50.2276057417451,0.0034578571428571414,5.3601431484529005e-05,0.0011206074095500707,-0.0010670059780655417,2025-05-11 11:00:00
0.20949444132194328,0.2095338486059708,43.567960136203936,50.82873854264187,0.0033392857142857113,-3.940728402751503e-05,0.0008886044708345536,-0.0009280117548620686,2025-05-11 12:00:00
0.20875221958010584,0.20917356352404703,30.228903164992346,53.56372301130115,0.0034757142857142842,-0.0004213439439411937,0.0006266147878794042,-0.001047958731820598,2025-05-11 13:00:00
0.20821803195239724,0.20888515141115466,33.90007636836461,55.93404288413919,0.0030064285714285705,-0.0006671194587574147,0.0003678679385520404,-0.001034987397309455,2025-05-11 14:00:00
0.20755987319048996,0.20851884389921727,29.910912661847306,59.04824617756,0.00302142857142857,-0.0009589707087273025,0.00010250020909617183,-0.0010614709178234742,2025-05-11 15:00:00
0.2067660465457992,0.20806559620297893,25.873523703635826,61.74722236519138,0.003032142857142856,-0.0012995496571797382,-0.00017790976415901018,-0.0011216398930207281,2025-05-11 16:00:00
0.20626357784644547,0.20772740389164715,33.29436771058535,64.08633506113857,0.003013571428571429,-0.0014638260452016771,-0.0004350930203675436,-0.0010287330248341334,2025-05-11 17:00:00
0.2062491812546846,0.20761204064041403,47.90167564854878,59.51407188751511,0.0031857142857142856,-0.0013628593857294147,-0.0006206462934399179,-0.0007422130922894968,2025-05-11 18:00:00
0.20604623029242544,0.20741337096334633,42.87096571736709,55.5514438037081,0.0031542857142857167,-0.001367140670920891,-0.0007699451689361126,-0.0005971955019847785,2025-05-11 19:00:00
0.20598527178589845,0.20728275089198733,46.62642923785987,52.117166131075365,0.0029264285714285737,-0.001297479106088878,-0.0008754519563666657,-0.0004220271497222122,2025-05-11 20:00:00
0.20608446074191408,0.20723439897406234,51.621071590745075,46.469366359927825,0.002642857142857145,-0.001149938232148262,-0.000930349211522985,-0.00021958902062527705,2025-05-11 21:00:00
0.20599915908931193,0.20710814719820586,46.04102715858319,43.25136817484132,0.0026614285714285746,-0.0011089881088939268,-0.0009660769909971735,-0.00014291111789675336,2025-05-11 22:00:00
0.2061315961524947,0.20708976592426467,53.11200061009363,40.462436414433014,0.0025507142857142872,-0.0009581697717699622,-0.0009644955471517314,6.3257753817691584e-06,2025-05-11 23:00:00
0.20669904289826477,0.20729200548543025,64.91769689040581,38.373524648510234,0.0026235714285714313,-0.0005929625871654853,-0.0008901889551544822,0.00029722636798899685,2025-05-12 00:00:00
0.2066622670677625,0.20723037544947245,48.8183440053958,33.59848852081864,0.0029664285714285743,-0.000568108381709953,-0.0008257728404655764,0.00025766445875562334,2025-05-12 01:00:00
0.2068157644419529,0.20726219949025226,53.56393794151694,29.46012387681926,0.0030200000000000027,-0.00044643504829935954,-0.0007499052820323331,0.00030347023373297353,2025-05-12 02:00:00
0.20716103145088324,0.20739536989838173,58.71675542582869,26.437475459170162,0.002892142857142859,-0.00023433844749848332,-0.0006467919151255631,0.00041245346762707976,2025-05-12 03:00:00
0.20764548815074735,0.20761126842442754,62.95204843280892,23.817846830540944,0.0029828571428571443,3.421972631981185e-05,-0.0005105895868364881,0.0005448093131563,2025-05-12 04:00:00
0.20773541305063237,0.20765710039298846,52.59262240184362,23.32233317081634,0.0029607142857142866,7.83126576439086e-05,-0.0003928091379404088,0.0004711217955843174,2025-05-12 05:00:00
0.20834688796591969,0.20795731517869304,64.02208147895975,20.438604113434685,0.003002142857142858,0.0003895727872266497,-0.00023633275290699715,0.0006259055401336469,2025-05-12 06:00:00
0.20927352058654744,0.20843232886916022,70.33073686352236,24.18389771690203,0.0032785714285714284,0.0008411917173872241,-2.0827858848152897e-05,0.000862019576235377,2025-05-12 07:00:00
0.21036990203477093,0.20902252673070393,74.29910002879375,27.429818839907064,0.0033378571428571424,0.0013473753040670056,0.0002528127737348788,0.0010945625303321268,2025-05-12 08:00:00
0.21090376326019078,0.20937937660250364,62.194546179013905,30.242950479844765,0.0034121428571428558,0.0015243866576871434,0.0005071275505253317,0.0010172591071618117,2025-05-12 09:00:00
0.2113724150663153,0.20971794129861446,62.49746515733655,32.6809979011241,0.003445714285714284,0.001654473767700837,0.0007365967939604328,0.0009178769737404042,2025-05-12 10:00:00
0.21138281274842063,0.2098455012024208,51.609833314058605,36.22319254254988,0.0037057142857142866,0.001537311545999842,0.0008967397443683147,0.0006405718016315274,2025-05-12 11:00:00
0.21318238001789436,0.21082583444668593,74.9556189248172,42.351822781213336,0.004582857142857145,0.0023565455712084293,0.0011887009097363377,0.0011678446614720916,2025-05-12 12:00:00
0.21510970616898753,0.2119283652284129,77.75369739737279,47.66330232138833,0.005075000000000002,0.003181340940574623,0.0015872289159039948,0.0015941120246706281,2025-05-12 13:00:00
0.21589744368145097,0.21254330113741937,61.290461682294456,47.34991672161701,0.005517857142857144,0.003354142544031602,0.0019406116415295164,0.0014135309025020855,2025-05-12 14:00:00
0.21623629849968928,0.2129549084605735,55.97506473699987,47.078315868481866,0.005525714285714288,0.003281390039115789,0.002208767321046771,0.001072622718069018,2025-05-12 15:00:00
0.21728302180742937,0.2137019522783088,64.2678002618802,48.39071089818529,0.005990000000000001,0.003581069529120573,0.0024832277626615318,0.0010978417664590412,2025-05-12 16:00:00
0.21748717229859407,0.21406551136880445,53.784845768293856,49.52811992392826,0.006265000000000001,0.003421660929789627,0.002670914396087151,0.0007507465337024764,2025-05-12 17:00:00
0.2164445304065027,0.21381695497111522,40.26925270280305,44.95487610656071,0.006987857142857143,0.002627575435387469,0.0026622466039472148,-3.4671168559745596e-05,2025-05-12 18:00:00
0.2159192180362715,0.21375866201029187,44.95622305509003,40.99139813150884,0.006992142857142857,0.002160556025979643,0.0025619084883537007,-0.00040135246237405766,2025-05-12 19:00:00
0.21556395372299897,0.2137476500095295,46.17456644172109,37.556383886463884,0.006920714285714286,0.0018163037134694693,0.002412787533376855,-0.0005964838199073856,2025-05-12 20:00:00
0.21532642238099914,0.21376782408289768,47.12908004264851,34.57937154075825,0.00665357142857143,0.0015585982981014546,0.0022419496863217746,-0.00068335138822032,2025-05-12 21:00:00
0.21545004970699927,0.21394280007675712,52.16613367660788,30.220175174211125,0.006645714285714287,0.0015072496302421523,0.0020950096751058502,-0.0005877600448636979,2025-05-12 22:00:00
0.2153777343674609,0.21401962970070101,49.21736081102857,26.442204989870284,0.006633571428571427,0.0013581046667598962,0.0019476286734366596,-0.0005895240066767634,2025-05-12 23:00:00
0.21452115984939,0.21370780527842687,38.05800152570407,27.339011129095972,0.006914999999999998,0.0008133545709631262,0.001720773852941953,-0.0009074192819788268,2025-05-13 00:00:00
0.21334405833409922,0.21320130118372857,33.12924691517445,28.116243116424904,0.006914285714285712,0.00014275715037065373,0.0014051705124276932,-0.0012624133620570395,2025-05-13 01:00:00
0.21198958782116087,0.2125597233182672,29.62130854760585,28.78984417210998,0.006158571428571426,-0.0005701354971063277,0.001010109310520889,-0.0015802448076272168,2025-05-13 02:00:00
0.21036195892559767,0.21173381788728446,25.445110754359035,29.37363175370371,0.005841428571428569,-0.0013718589616867893,0.0005337156560793534,-0.0019055746177661427,2025-05-13 03:00:00
0.20961550370627494,0.2112727943400782,38.541366445052,28.84813840473333,0.0055185714285714265,-0.0016572906338032656,9.551439810282961e-05,-0.0017528050319060952,2025-05-13 04:00:00
0.2090161954437711,0.21086147624081314,39.17283529873073,28.392710835625667,0.005189999999999996,-0.0018452807970420482,-0.0002926446409261459,-0.0015526361561159024,2025-05-13 05:00:00
0.20857370383703708,0.21051173726001218,40.581693252780575,24.926329623791926,0.0047557142857142815,-0.001938033422975105,-0.0006217223973359378,-0.0013163110256391671,2025-05-13 06:00:00
0.20829621093903136,0.21023457153704833,42.871818326873075,23.36741881880154,0.004480714285714282,-0.0019383605980169694,-0.0008850500374721442,-0.0010533105605448252,2025-05-13 07:00:00
0.20813987079456497,0.21001571438615588,44.857029104205644,22.01636278780987,0.0036871428571428532,-0.0018758435915909033,-0.0010832087482958962,-0.0007926348432950071,2025-05-13 08:00:00
0.20840604451847805,0.21000492072792212,54.18596771732562,23.598535662896705,0.003604999999999997,-0.0015988762094440723,-0.0011863422405255315,-0.00041253396891854075,2025-05-13 09:00:00
0.20850357613101989,0.20993344511844642,50.995874639957016,24.969752154638627,0.003492857142857141,-0.0014298689874265302,-0.0012350475899057312,-0.00019482139752079902,2025-05-13 10:00:00
0.20863841057240146,0.20989244918374667,52.32259044568074,28.161568888285117,0.0035221428571428548,-0.0012540386113452096,-0.001238845794193627,-1.5192817151582537e-05,2025-05-13 11:00:00
0.20887250125357046,0.2099122677627284,55.5109136522921,28.37826972991092,0.003512857142857141,-0.0010397665091579356,-0.001199029937186489,0.00015926342802855334,2025-05-13 12:00:00
0.20911673182994425,0.2099528405210448,56.79317514567812,28.566077125986613,0.003486428571428571,-0.00083610869110054,-0.0011264456879692992,0.0002903369968687592,2025-05-13 13:00:00
0.20891261924072205,0.20979263011207852,43.82260153138411,26.10554519527402,0.0033614285714285708,-0.0008800108713564736,-0.001077158724646734,0.00019714785329026045,2025-05-13 14:00:00
0.2091706778190725,0.20985169454822086,55.98585989034182,23.973084188656436,0.0032128571428571423,-0.0006810167291483593,-0.000997930325547059,0.0003169135963986998,2025-05-13 15:00:00
0.2097890350776767,0.2100989764335378,64.27367224642681,24.808989158652864,0.00317642857142857,-0.0003099413558610986,-0.000860332531609867,0.0005503911757487684,2025-05-13 16:00:00
0.2104014912195726,0.2103709041051276,65.92519158375997,25.533440132649766,0.0030592857142857127,3.058711444500761e-05,-0.0006821486023988921,0.0007127357168438997,2025-05-13 17:00:00
0.21129972333963834,0.2108056519491922,72.23255756780203,27.680141812290703,0.0029107142857142843,0.0004940713904461325,-0.00044690460382988727,0.0009409759942760197,2025-05-13 18:00:00
0.212176688979694,0.21126449254554835,73.94483074446836,31.14194732913981,0.0030557142857142866,0.0009121964341456401,-0.00017508439623478182,0.001087280830380422,2025-05-13 19:00:00
0.21291565990589492,0.2116878634681003,73.80663429523972,34.142178777075706,0.0030557142857142888,0.0012277964377946093,0.00010549177057109642,0.001122304667223513,2025-05-13 20:00:00
0.21352248145883418,0.21207098469268545,72.86387572152793,36.742379365286816,0.0029785714285714316,0.0014514967661487244,0.000374692769686622,0.0010768039964621024,2025-05-13 21:00:00
0.21398209969593662,0.21239980064137542,69.86075315202788,37.882501216023,0.003002142857142862,0.0015822990545611981,0.0006162140266615373,0.0009660850278996609,2025-05-13 22:00:00
0.21429716128117712,0.21266870429756984,65.58339344702516,36.930225971806586,0.0029928571428571465,0.0016284569836072793,0.0008186626180506857,0.0008097943655565936,2025-05-13 23:00:00
0.21436067493022679,0.21281991138663875,54.91468991888557,32.15637372820979,0.003156428571428574,0.0015407635435880362,0.0009630828031581558,0.0005776807404298804,2025-05-14 00:00:00
0.2142313403255765,0.2128717698024433,46.96714704208248,28.019035117092574,0.0031642857142857167,0.0013595705231332078,0.0010423803471531663,0.0003171901759800415,2025-05-14 01:00:00
0.21397267258318012,0.21284793500226232,41.34000875787746,24.43334165412432,0.0030657142857142866,0.0011247375809178006,0.0010588517939060932,6.588578701170744e-05,2025-05-14 02:00:00
0.21379533833961395,0.21284586574283548,43.51359694313271,21.325740652885166,0.0029750000000000015,0.0009494725967784667,0.0010369759544805678,-8.750335770210107e-05,2025-05-14 03:00:00
0.2138591324412118,0.21294691272484767,53.70373694552664,21.933223239604885,0.002926428571428572,0.0009122197163641266,0.0010120247068572796,-9.980499049315299e-05,2025-05-14 04:00:00
0.21402388129640998,0.21309380807856265,58.209603493349526,22.45970814809531,0.0028357142857142865,0.000930073217847327,0.0009956344090552892,-6.556119120796223e-05,2025-05-14 05:00:00
0.21430789955850077,0.21329945192459507,63.55321500331275,22.91599506878701,0.0026285714285714306,0.0010084476339057014,0.0009981970540253718,1.0250579880329578e-05,2025-05-14 06:00:00
0.21434976116488527,0.21339430733758802,52.85207202946489,21.88354723337933,0.0026907142857142885,0.0009554538272972535,0.0009896484086797481,-3.419458138249464e-05,2025-05-14 07:00:00
0.21345441329336445,0.21303398827554446,27.65409539361113,26.11528831434629,0.003025000000000004,0.0004204250178199975,0.000875803730507798,-0.0004553787126878005,2025-05-14 08:00:00
0.21312142663284686,0.21290480395883746,42.167711809078796,29.78279725118432,0.003051428571428574,0.0002166226740094035,0.0007439675192081191,-0.0005273448451987156,2025-05-14 09:00:00
0.2128458225354858,0.2127881518137384,42.361076141991724,32.96130499644394,0.0030278571428571438,5.7670721747421494e-05,0.0006067081597159797,-0.0005490374379685582,2025-05-14 10:00:00
0.21260954214541106,0.21267865908679479,42.2795205099648,35.71601170900229,0.0029921428571428577,-6.911694138372892e-05,0.000471543139496038,-0.000540660080879767,2025-05-14 11:00:00
0.21202653566150165,0.21239283248777294,33.119639494334024,40.253803668090235,0.0030721428571428566,-0.00036629682627128957,0.00030397514634257245,-0.000670271972613862,2025-05-14 12:00:00
0.21141476094434755,0.21207114119238235,30.743091438124793,45.480431190232586,0.003299285714285715,-0.0006563802480347991,0.00011190406746709814,-0.0007682843155018972,2025-05-14 13:00:00
0.21057710541444793,0.21161920480776145,25.123955572977252,50.01017504275595,0.00323214285714286,-0.0010420993933135114,-0.00011889662468902378,-0.0009232027686244877,2025-05-14 14:00:00
0.210000627658379,0.21126444889607543,31.12932029564152,53.935953048276204,0.0031821428571428595,-0.0012638212376964164,-0.00034788154729050233,-0.000915939690405914,2025-05-14 15:00:00
0.20936976186478223,0.21086708231118095,28.297433151976335,55.83860297889221,0.0031842857142857168,-0.00149732044639872,-0.0005777693271121459,-0.0009195511192865741,2025-05-14 16:00:00
0.20892210619327728,0.210540631769612,32.56005213715498,57.48756625209275,0.0032671428571428595,-0.0016185255763347117,-0.000785920576956659,-0.0008326049993780527,2025-05-14 17:00:00
0.20860639754815768,0.2102687331200111,35.78499531452991,58.91666775553322,0.003146428571428574,-0.0016623355718534127,-0.0009612035759360098,-0.0007011319959174029,2025-05-14 18:00:00
0.20844541330997957,0.2100680862222325,41.24120282153152,60.15522239184829,0.0031050000000000006,-0.0016226729122529315,-0.0010934974431993942,-0.0005291754690535373,2025-05-14 19:00:00
0.2084415035699827,0.20994600576132638,47.6393819090337,55.62230580049902,0.0031292857142857155,-0.0015045021913436818,-0.001175698392828252,-0.0003288037985154299,2025-05-14 20:00:00
0.20835511840536997,0.20979296829752442,44.155885933720576,52.98160799777078,0.003030000000000001,-0.0014378498921544525,-0.001228128692693492,-0.0002097211994609605,2025-05-14 21:00:00
0.20801433095838998,0.20952237805326335,34.717443564766526,51.84220679358792,0.0026285714285714285,-0.0015080470948733715,-0.001284112373129468,-0.00022393472174390343,2025-05-14 22:00:00
0.20776751081094536,0.2092918315307994,37.12380255316275,50.854725749962775,0.0024642857142857127,-0.0015243207198540332,-0.001332154042474381,-0.00019216667737965206,2025-05-14 23:00:00
0.20771404760926143,0.20915317734333275,45.75427034324589,45.34225478690531,0.002452142857142857,-0.001439129734071315,-0.001353549180793768,-8.558055327754686e-05,2025-05-15 00:00:00
0.2070011172078366,0.20870331235493772,27.22566259151577,45.72024561032804,0.0027371428571428586,-0.0017021951471011265,-0.0014232783740552397,-0.0002789167730458868,2025-05-15 01:00:00
0.20663017609893863,0.20839862255086827,37.40230712516556,46.04783765729441,0.002680000000000002,-0.0017684464519296395,-0.0014923119896301197,-0.0002761344622995198,2025-05-15 02:00:00
0.20610553362217884,0.20801502088043358,32.62610112738484,46.33175076466525,0.0024050000000000005,-0.0019094872582547384,-0.0015757470433550435,-0.00033374021489969495,2025-05-15 03:00:00
0.20591852844953595,0.2077835378522533,42.88455746667345,46.57780879105333,0.0023178571428571415,-0.0018650094027173603,-0.001633599515227507,-0.00023140988748985322,2025-05-15 04:00:00
0.20522183176499195,0.2073099424557901,31.34366118361831,48.93029579820228,0.002437142857142856,-0.002088110690798145,-0.0017245017503416348,-0.00036360894045651027,2025-05-15 05:00:00
0.2046569345703778,0.2068832800516575,32.304604084721234,50.9691178710647,0.0024807142857142844,-0.0022263454812796735,-0.0018248704965292426,-0.0004014749847504309,2025-05-15 06:00:00
0.20362663694416583,0.2062222963441273,23.71225124177073,54.29020186341563,0.0026428571428571434,-0.0025956593999614808,-0.0019790282772156904,-0.0006166311227457904,2025-05-15 07:00:00
0.20329638510660186,0.2058710151334512,41.358389910312596,57.168474656786444,0.002787142857142857,-0.0025746300268493505,-0.0020981486271424224,-0.0004764813997069281,2025-05-15 08:00:00
0.20276617201327848,0.20542501401245483,36.80910632674997,59.66297774437448,0.0029485714285714293,-0.002658841999176348,-0.0022102873015492075,-0.0004485546976271404,2025-05-15 09:00:00
0.20212368401123562,0.20491871667819891,33.520439081630784,61.82488042028412,0.003074285714285714,-0.002795032666963293,-0.0023272363746320245,-0.0004677962923312685,2025-05-15 10:00:00
0.2017431172402763,0.20452844136870268,38.82581406191725,63.69852940607247,0.0031099999999999995,-0.0027853241284263863,-0.002418853925390897,-0.0003664702030354893,2025-05-15 11:00:00
0.20140263766484917,0.20415818645250247,38.425253697344466,62.91844292349032,0.003173571428571426,-0.0027555487876533002,-0.0024861928978433777,-0.00026935588980992256,2025-05-15 12:00:00
0.2008668472548724,0.20369609856713192,33.13341980847876,64.6903057673714,0.003435714285714286,-0.0028292513122595286,-0.0025548045807266082,-0.0002744467315329204,2025-05-15 13:00:00
0.19994579383104588,0.20304305422882585,25.486381665079662,66.22592023206833,0.0036628571428571443,-0.003097260397779966,-0.00266329574413728,-0.0004339646536426862,2025-05-15 14:00:00
0.1999064409339619,0.20279467984150543,47.57558259370718,61.55834597909476,0.0036549999999999994,-0.0028882389075435277,-0.0027082843768185295,-0.0001799545307249982,2025-05-15 15:00:00
0.2002285269441216,0.20273581466806057,54.97229853986066,57.513114959850995,0.0037299999999999994,-0.0025072877239389613,-0.0026680850462426162,0.00016079732230365497,2025-05-15 16:00:00
0.20045952279887214,0.20266130987783385,53.945789977290985,54.0072480765064,0.003717857142857144,-0.002201787078961709,-0.002574825452786435,0.00037303837382472596,2025-05-15 17:00:00
0.1999780577528918,0.20226639803503135,39.92672168045794,55.90749275516282,0.003979999999999999,-0.0022883402821395615,-0.00251752841865706,0.00022918813651749866,2025-05-15 18:00:00
0.19987989502167766,0.2020496278102142,47.164110499984645,57.55437147666505,0.003931428571428572,-0.002169732788536549,-0.002447969292632958,0.000278236504096409,2025-05-15 19:00:00
0.19958606501834264,0.20174743315760577,43.08213661183483,58.98166636863365,0.0038885714285714296,-0.0021613681392631257,-0.002390649061958992,0.00022928092269586644,2025-05-15 20:00:00
0.19937128578475147,0.2014839195903757,43.9804914050393,61.68530711348592,0.003810714285714286,-0.0021126338056242366,-0.0023350460106920413,0.0002224122050678047,2025-05-15 21:00:00
0.19901262643325124,0.201154740361459,40.157614830820194,64.02846242569122,0.0037507142857142878,-0.0021421139282077617,-0.0022964595941951855,0.0001543456659874238,2025-05-15 22:00:00
0.1988676069819818,0.200926241075425,45.090124540419595,66.91671087319367,0.0037814285714285723,-0.0020586340934432013,-0.0022488944940447886,0.00019026040060158731,2025-05-15 23:00:00
0.1987787443693692,0.20073096395872686,46.18334837051903,69.41985952769578,0.0037207142857142877,-0.001952219589357651,-0.002189559513107361,0.00023733992374971,2025-05-16 00:00:00
0.19887739908177393,0.20063385551733967,51.8632295458226,71.85308417636617,0.00380357142857143,-0.0017564564355657397,-0.0021029388975990367,0.000346482462033297,2025-05-16 01:00:00
0.19906549153073178,0.20059431066420338,55.149957875672236,73.96187887188051,0.003782142857142859,-0.0015288191334716095,-0.0019881149447735515,0.00045929581130194205,2025-05-16 02:00:00
0.19931387744908075,0.20060065802241053,57.97400445924573,75.78950094132628,0.0034828571428571447,-0.0012867805733297877,-0.0018478480704847988,0.0005610674971550111,2025-05-16 03:00:00
0.199390203995376,0.2005420907614912,52.27685492638895,77.67755115519923,0.003302142857142857,-0.0011518867661152177,-0.0017086558096108828,0.0005567690434956651,2025-05-16 04:00:00
0.19952094184224123,0.2005197136680474,54.80946821129306,79.31386134055577,0.0030042857142857154,-0.0009987718258061828,-0.001566679012849943,0.0005679071870437601,2025-05-16 05:00:00
0.1996607969434349,0.20051306821115503,55.99995877972489,80.79967504776587,0.0028335714285714292,-0.0008522712677201394,-0.0014237974638239823,0.000571526196103843,2025-05-16 06:00:00
0.19969452049059877,0.200466174269588,51.47100248840367,82.20907194731234,0.002812142857142858,-0.0007716537789892175,-0.0012933687268570295,0.000521714947867812,2025-05-16 07:00:00
0.1994230557997374,0.20027830950887776,38.67530425050176,83.88610698738997,0.0026842857142857185,-0.0008552537091403578,-0.0012057457233136952,0.0003504920141733374,2025-05-16 08:00:00
0.19954258567670088,0.20027250880451644,54.02665564867178,85.33953735545725,0.002627857142857146,-0.0007299231278155571,-0.0011105812042140676,0.00038065807639851043,2025-05-16 09:00:00
0.19977449557259305,0.20033010074492263,58.51366762276335,86.59917700778223,0.002524285714285717,-0.0005556051723295818,-0.0009995859978371704,0.00044398082550758857,2025-05-16 10:00:00
0.19996918856142487,0.20038268587492836,58.43624597321807,87.69086470646388,0.0023371428571428592,-0.00041349731350348584,-0.0008823682609704335,0.0004688709474669477,2025-05-16 11:00:00
0.1999262364750518,0.20033137581011887,48.45041374805227,88.74585185391827,0.0022428571428571437,-0.00040513933506705624,-0.0007869224757897582,0.00038178314072270195,2025-05-16 12:00:00
0.2000822000942746,0.2003764590834434,56.408798747496235,86.1623731233848,0.002112142857142858,-0.0002942589891687941,-0.0006883897784655654,0.0003941307892967713,2025-05-16 13:00:00
0.19989878469515543,0.20026635100318835,43.655319338125636,85.14488277717889,0.002187857142857144,-0.00036756630803291834,-0.000624225084379036,0.0002566587763461177,2025-05-16 14:00:00
0.19986204858820844,0.2002214361140633,48.68363454515505,84.2630578104671,0.002122142857142858,-0.00035938752585484846,-0.0005712575726741985,0.00021187004681935,2025-05-16 15:00:00
0.19974481034386868,0.20013836677228083,45.29180215944988,84.0252605830396,0.002167857142857146,-0.0003935564284121562,-0.0005357173438217901,0.00014216091540963384,2025-05-16 16:00:00
0.1994209933678889,0.19995330256692673,37.444025173242885,83.81916965260241,0.0022607142857142886,-0.0005323091990378226,-0.0005350357148649966,2.726515827174039e-06,2025-05-16 17:00:00
0.1992500713112906,0.19983157645085808,42.701089257444806,83.6405575128902,0.002159285714285717,-0.0005815051395674786,-0.000544329599805493,-3.717553976198562e-05,2025-05-16 18:00:00
0.19930544495570743,0.19981516338042415,51.77444899014719,77.7677696206869,0.00223357142857143,-0.0005097184247167263,-0.0005374073647877397,2.7688940071013326e-05,2025-05-16 19:00:00
0.1989953765009832,0.1996281142411335,39.043449875850534,75.13208298850903,0.002429285714285715,-0.0006327377401502965,-0.0005564734398602511,-7.626430029004537e-05,2025-05-16 20:00:00
0.19867147242390887,0.1994252909640125,37.22260207859023,72.84782124062153,0.002420714285714286,-0.0007538185401036457,-0.0005959424599089301,-0.0001578760801947156,2025-05-16 21:00:00
0.19810663051253827,0.19909749163334492,29.676982300015155,72.81079869887148,0.00239142857142857,-0.000990861120806652,-0.0006749261920884745,-0.0003159349287181775,2025-05-16 22:00:00
0.19771330274137852,0.19883471447531936,34.15861188404027,72.77871249602144,0.0023035714285714265,-0.0011214117339408414,-0.0007642233004589479,-0.00035718843348189343,2025-05-16 23:00:00
0.1969804869350126,0.1983988096993698,25.34747831446441,74.08881633893115,0.002472142857142857,-0.0014183227643571883,-0.000895043193238596,-0.0005232795711185923,2025-05-17 00:00:00
0.19610502740654912,0.19787223120312017,21.2999272390808,75.2242396694529,0.0026264285714285712,-0.001767203796571054,-0.0010694753139050878,-0.0006977284826659663,2025-05-17 01:00:00
0.19561810011323386,0.1975068807436298,33.48198421423321,76.20827322257173,0.0027335714285714285,-0.0018887806303959365,-0.0012333363772032576,-0.0006554442531926789,2025-05-17 02:00:00
0.19538300778812095,0.1972537784663239,40.84564868796065,72.85488151631698,0.002795000000000002,-0.001870770678202932,-0.0013608232374031925,-0.0005099474407997396,2025-05-17 03:00:00
0.19535177582071772,0.19710016524659618,47.233956071894966,69.94860870422953,0.0026500000000000017,-0.0017483894258784605,-0.0014383364750982462,-0.0003100529507802142,2025-05-17 04:00:00
0.19506996415599193,0.1968349678209224,39.7000579066881,68.49221585773059,0.002652857142857145,-0.0017650036649304868,-0.0015036699130646944,-0.0002613337518657924,2025-05-17 05:00:00
0.19491150813199315,0.19662793316752075,42.98693150061701,67.23000872409817,0.0025250000000000016,-0.0017164250355276023,-0.001546220937557276,-0.00017020409797032627,2025-05-17 06:00:00
0.1947835838039942,0.19643919737733403,43.261435707132485,61.65435003810241,0.0024957142857142856,-0.001655613573339848,-0.0015680994647137906,-8.751410862605749e-05,2025-05-17 07:00:00
0.1945091862956874,0.19618444201605004,37.618696235917106,56.822112510239414,0.002533571428571429,-0.001675255720362645,-0.0015895307158435615,-8.57250045190835e-05,2025-05-17 08:00:00
0.19408623455788934,0.1958567055704167,32.07606492081392,55.912963814076235,0.002537142857142859,-0.0017704710125273637,-0.001625718775180322,-0.0001447522373470417,2025-05-17 09:00:00
0.19370066001052175,0.19553991256520065,31.303554004383372,55.12503494406815,0.002366428571428575,-0.0018392525546788996,-0.0016684255310800377,-0.00017082702359886193,2025-05-17 10:00:00
0.19340517385505684,0.19526140052333393,33.361133116720666,55.607411892902434,0.002415714285714289,-0.001856226668277089,-0.0017059857585194481,-0.0001502409097576408,2025-05-17 11:00:00
0.19298130095427884,0.1949198152993833,27.91113738601807,56.02547191522548,0.002277857142857147,-0.0019385143451044473,-0.001752491475836448,-0.00018602286926799926,2025-05-17 12:00:00
0.19236879311515903,0.19448131046239192,21.88699840574546,58.49097592701859,0.002420714285714292,-0.0021125173472328895,-0.0018244966501157365,-0.000288020697117153,2025-05-17 13:00:00
0.1922305172512884,0.19425825042814066,43.099591039921684,60.62774607057261,0.002340000000000005,-0.002027733176852259,-0.0018651439554630412,-0.0001625892213892176,2025-05-17 14:00:00
0.1918781299818594,0.19393838002605615,36.093958899227125,62.47961352831943,0.0022200000000000037,-0.002060250044196743,-0.0019041651732097818,-0.00015608487098696128,2025-05-17 15:00:00
0.1914445715231118,0.19357701854264459,32.57950530195308,65.42441776189312,0.0022471428571428603,-0.002132447019532774,-0.0019498215424743803,-0.0001826254770583935,2025-05-17 16:00:00
0.19105771436571,0.19323279494689313,32.047608345301086,67.97658143099032,0.0021421428571428585,-0.0021750805811831253,-0.0019948733502161294,-0.0001802072309669959,2025-05-17 17:00:00
0.19065037369406232,0.1928755508767529,29.801988869769474,70.35828525015674,0.002192142857142857,-0.0022251771826905797,-0.0020409341167110196,-0.0001842430659795601,2025-05-17 18:00:00
0.19038108543343735,0.19258106562662305,34.77155219342646,72.42242856010097,0.002147857142857142,-0.0021999801931857077,-0.002072743332005957,-0.00012723686117975053,2025-05-17 19:00:00
0.19051630305906236,0.19248320891353987,53.18826113408786,67.08630707136545,0.002290714285714285,-0.0019669058544775075,-0.0020515758365002674,8.466998202275988e-05,2025-05-17 20:00:00
0.1905768718192066,0.19236667491994433,50.73692390112868,62.461668447794665,0.002221428571428571,-0.0017898031007377302,-0.00199922128934776,0.00020941818861002978,2025-05-17 21:00:00
0.19045581461625175,0.19217581011105958,43.35856096045928,60.794974011412215,0.002275714285714286,-0.0017199954948078355,-0.001943376130439775,0.00022338063563193946,2025-05-17 22:00:00
0.19054261236759762,0.19209019454727738,52.17213181672231,59.35050549988076,0.0022600000000000003,-0.0015475821796797629,-0.0018642173402877726,0.00031663516060800975,2025-05-17 23:00:00
0.1907591335418134,0.1920798097659976,57.888776797521686,58.098632789886835,0.00226642857142857,-0.0013206762241841918,-0.0017555091170670567,0.0004348328928828649,2025-05-18 00:00:00
